,Title,Artists
0,Trouble On My Mind,Pusha T
1,Good Goodbye (feat. Pusha T and Stormzy),Linkin Park
2,Coming Home (feat. Ms. Lauryn Hill),Pusha T
3,Elevators - ONP 86 Mix,OutKast
4,13th Floor / Growing Old,OutKast
5,Millennium,OutKast
6,E.T. (Extraterrestrial),OutKast
7,Mainstream,OutKast
8,Decatur Psalm,OutKast
9,Wailin',OutKast
10,Ova Da Wudz,OutKast
11,Babylon,OutKast
12,Jazzy Belle,OutKast
13,Elevators (Me & You),OutKast
14,Wheelz of Steel,OutKast
15,ATLiens,OutKast
16,Two Dope Boyz (In a Cadillac),OutKast
17,You May Die (Intro),OutKast
18,Chonkyfire,OutKast
19,Liberation (with Cee-Lo),OutKast
20,"Y'All Scared (feat. T-Mo, Big Gipp & Khujo)",OutKast
21,Nathaniel,OutKast
22,Mamacita,OutKast
23,SpottieOttieDopaliscious,OutKast
24,Da Art of Storytellin' (Pt. 2),OutKast
25,West Savannah,OutKast
26,Da Art of Storytellin' (Pt. 1),OutKast
27,Slump,OutKast
28,Synthesizer (feat. George Clinton),OutKast
29,Skew It on the Bar-B,OutKast
30,Aquemini,OutKast
31,"Return of the ""G""",OutKast
32,Rosa Parks,OutKast
33,"Hold On, Be Strong",OutKast
34,Stankonia (Stanklove) (feat. Big Rube & Sleepy Brown),OutKast
35,Slum Beautiful (feat. Cee-Lo),OutKast
36,Pre-Nump (Interlude),OutKast
37,Toilet Tisha,OutKast
38,"Gangsta Sh*t (feat. Slimm Calhoun, C-Bone & T-Mo)",OutKast
39,Red Velvet,OutKast
40,Cruisin' In The ATL (Interlude),Southside
41,?,OutKast
42,Humble Mumble (with Erykah Badu),OutKast
43,Drinkin' Again (Interlude),OutKast
44,We Luv Deez Hoez (feat. Backbone & Big Gipp),OutKast
45,Xplosion (with B-Real),OutKast
46,Good Hair (Interlude),OutKast
47,B.O.B.,OutKast
48,I'll Call B4 I Cum (with Gangsta Boo & Eco),OutKast
49,Kim & Cookie (Interlude),OutKast
50,Spaghetti Junction,OutKast
51,Snappin' & Trappin' (with Killer Mike & J-Sweet),OutKast
52,D.F. (Interlude),OutKast
53,Ms. Jackson,OutKast
54,"So Fresh, So Clean",OutKast
55,I'm Cool (Interlude),OutKast
56,Intro,OutKast
57,Gasoline Dreams (with Khujo Goodie),OutKast
58,A Life In The Day of Benjamin Andre (Incomplete),OutKast
59,Vibrate,OutKast
60,My Favorite Things,OutKast
61,Take Off Your Cool (feat. Norah Jones),OutKast
62,The Letter,OutKast
63,Dracula's Wedding (feat. Kelis),OutKast
64,Love In War,OutKast
65,She's Alive,OutKast
66,Pink & Blue,OutKast
67,"Good Day, Good Sir - Interlude",OutKast
68,Behold a Lady,OutKast
69,Roses,OutKast
70,She Lives in My Lap (feat. Rosario Dawson),OutKast
71,Hey Ya!,OutKast
72,Prototype,OutKast
73,Spread,OutKast
74,Where Are My Panties,OutKast
75,Happy Valentine's Day,OutKast
76,Love Hater,OutKast
77,God - Interlude,OutKast
78,The Love Below - Intro,OutKast
79,Bowtie - Postlude,OutKast
80,D-Boi - Interlude,OutKast
81,"Last Call (feat. Slimm Calhoun, Lil' Jon, The EastSide Boyz & Mello)",OutKast
82,Reset (feat. Khujo Goodie & Cee-Lo),OutKast
83,Flip Flop Rock (feat. Killer Mike & Jay-Z),OutKast
84,Interlude,OutKast
85,E-Mac - Interlude,OutKast
86,Knowing,OutKast
87,"Tomb of the Boom (feat. Konkrete, Big Gipp & Ludacris)",OutKast
88,Bamboo - Interlude,OutKast
89,War,OutKast
90,Church,OutKast
91,Bust (feat. Killer Mike),OutKast
92,Unhappy,OutKast
93,The Rooster,OutKast
94,Bowtie (feat. Sleepy Brown & Jazze Pha),OutKast
95,The Way You Move (feat. Sleepy Brown),OutKast
96,GhettoMusick,OutKast
97,Intro,OutKast
98,Player's Ball (Reprise),OutKast
99,D.E.E.P.,OutKast
100,Crumblin' Erb,OutKast
101,Hootie Hoo,OutKast
102,True Dat (Interlude),OutKast
103,"Git Up, Git Out",OutKast
104,Funky Ride,OutKast
105,Flim Flam (Interlude),OutKast
106,Claimin' True,OutKast
107,Club Donkey Ass (Interlude),OutKast
108,Player's Ball,OutKast
109,Call of da Wild,OutKast
110,Southernplayalisticadillacmuzik,OutKast
111,Welcome to Atlanta (Interlude),OutKast
112,Ain't No Thang,OutKast
113,Myintrotoletuknow,OutKast
114,Peaches (Intro),OutKast
115,B.I.B.L.E. (Basic Instructions Before Leaving Earth),GZA
116,Swordsman,GZA
117,I Gotcha Back,GZA
118,Investigative Reports,GZA
119,Hell's Wind Staff / Killah Hills 10304,GZA
120,4th Chamber,GZA
121,Labels,GZA
122,Cold World,GZA
123,Gold,GZA
124,Duel Of The Iron Mic,GZA
125,Living In The World Today,GZA
126,Liquid Swords,GZA
127,Shadowboxin',GZA
128,Dirty Dancin',Ol' Dirty Bastard
129,Harlem World,Ol' Dirty Bastard
130,Cuttin' Headz,Ol' Dirty Bastard
131,Proteck Ya Neck II the Zoo,Ol' Dirty Bastard
132,Brooklyn Zoo II (Tiger Crane),Ol' Dirty Bastard
133,Drunk Game (Sweet Sugar Pie),Ol' Dirty Bastard
134,Snakes,Ol' Dirty Bastard
135,Goin' Down,Ol' Dirty Bastard
136,The Stomp,Ol' Dirty Bastard
137,Damage,Ol' Dirty Bastard
138,Don't U Know,Ol' Dirty Bastard
139,Raw Hide,Ol' Dirty Bastard
140,Hippa to da Hoppa,Ol' Dirty Bastard
141,Brooklyn Zoo,Ol' Dirty Bastard
142,Shimmy Shimmy Ya,Ol' Dirty Bastard
143,Baby C'mon,Ol' Dirty Bastard
144,Intro,Ol' Dirty Bastard
145,The Closing,Wu-Tang Clan
146,Second Coming (feat. Tekitha),Wu-Tang Clan
147,Heaterz (feat. Cappadonna),Wu-Tang Clan
148,Black Shampoo,Wu-Tang Clan
149,Hellz Wind Staff (feat. Street Life),Wu-Tang Clan
150,Duck Seazon,Wu-Tang Clan
151,Bells of War,Wu-Tang Clan
152,The M.G.M.,Wu-Tang Clan
153,The Projects,Wu-Tang Clan
154,The City,Wu-Tang Clan
155,Deadly Melody (feat. Street Life),Wu-Tang Clan
156,Little Ghetto Boys (feat. Cappadonna),Wu-Tang Clan
157,Impossible (feat. Tekitha),Wu-Tang Clan
158,Triumph (feat. Cappadonna),Wu-Tang Clan
159,Intro,Wu-Tang Clan
160,It's Yourz,Wu-Tang Clan
161,A Better Tomorrow,Wu-Tang Clan
162,Older Gods,Wu-Tang Clan
163,As High as Wu-Tang Get,Wu-Tang Clan
164,Severe Punishment,Wu-Tang Clan
165,Visionz,Wu-Tang Clan
166,Cash Still Rules / Scary Hours (Still Don't Nothing Move but the Money),Wu-Tang Clan
167,For Heavens Sake (feat. Cappadonna),Wu-Tang Clan
168,Reunited,Wu-Tang Clan
169,Wu-Revolution (feat. Poppa Wu & Uncle Pete),Wu-Tang Clan
170,C.R.E.A.M. (Cash Rules Everything Around Me) - A Cappella,Wu-Tang Clan
171,Method Man - Home Grown Version,Wu-Tang Clan
172,Wu-Tang: 7th Chamber - Part II - Conclusion,Wu-Tang Clan
173,Protect Ya Neck - Shao Lin Version,Wu-Tang Clan
174,Tearz,Wu-Tang Clan
175,Method Man,Wu-Tang Clan
176,Protect Ya Neck,Wu-Tang Clan
177,Wu-Tang Clan Aint Nuthing ta F' Wit,Wu-Tang Clan
178,Da Mystery of Chessboxin',Wu-Tang Clan
179,Can It Be All So Simple / Intermission,Wu-Tang Clan
180,Wu-Tang: 7th Chamber,Wu-Tang Clan
181,Clan In Da Front,Wu-Tang Clan
182,Shame On a Nigga,Wu-Tang Clan
183,Bring Da Ruckus,Wu-Tang Clan
184,Wu-Tang Reunion,Wu-Tang Clan
185,Never Let Go,Wu-Tang Clan
186,Ron O'Neal,Wu-Tang Clan
187,A Better Tomorrow,Wu-Tang Clan
188,Necklace,Wu-Tang Clan
189,Miracle,Wu-Tang Clan
190,Preacher's Daughter,Wu-Tang Clan
191,Crushed Egos,Wu-Tang Clan
192,Keep Watch,Wu-Tang Clan
193,Hold the Heater,Wu-Tang Clan
194,Mistaken Identity,Wu-Tang Clan
195,40th Street Black / We Will Fight,Wu-Tang Clan
196,Felt,Wu-Tang Clan
197,Ruckus in B Minor,Wu-Tang Clan
198,Pioneer the Frontier,Wu-Tang Clan
199,C.R.E.A.M.,Wu-Tang Clan
200,Stainless,The Game
201,Gorgeous,Kanye West
202,Hands on the Wheel (feat. Asap Rocky),ScHoolboy Q
203,Runaway,Kanye West
204,John Whiterspoon,TUT
205,Again,Noah Cyrus
206,the broken hearts club,gnash
207,Jump Off The Roof,Vince Staples
208,YMF,Ab-Soul
209,Paradise,CYNE
210,Kaancepts 2,K.A.A.N.
211,Dum Diary,KOOL A.D.
212,norf side long beach,afternoon
213,"Main Title - From ""Star Wars""",John Williams
214,"Raiders March (From ""Raiders of the Lost Ark"")",John Williams
215,Theme From Jurassic Park,John Williams
216,I Thought About Killing You,Kanye West
217,Yikes,Kanye West
218,All Mine,Kanye West
219,Wouldn't Leave,Kanye West
220,No Mistakes,Kanye West
221,Ghost Town,Kanye West
222,Violent Crimes,Kanye West
223,Hard Piano,Pusha T
224,Come Back Baby,Pusha T
225,Santeria,Pusha T
226,What Would Meek Do?,Pusha T
227,Infrared,Pusha T
228,Holy Ghost,A$AP Rocky
229,The Games We Play,Pusha T
230,If You Know You Know,Pusha T
231,The Heart Part 4,Kendrick Lamar
232,M3 ... The Beginning,DJ Jazzy Jeff
233,A$AP Forever REMIX,A$AP Rocky
234,Empathy,Sylvan LaCue
235,Last Last Fall,Jonwayne
236,Smoke.Netflix.Chill.,Tank and The Bangas
237,Turning Me Off,Slum Village
238,"True to the Game, Pt. 2 (Kanye Diss)",Daz Dillinger
239,Funkorama - Instrumental,Erick Sermon
240,Ye vs. the People (starring TI as the People),Kanye West
241,ICY GRL,Saweetie
242,Lean,Camâ€™ron
243,This Bitter Land,Nas
244,Orange Soda (feat. Kidd Upstairs & Produced By Kidd Upstairs),X.O.
245,Welcome To Los Santos,Oh No
246,"1,2 1,2",Raekwon
247,Ill Mind of Hopsin 5,Hopsin
248,Ill Mind of Hopsin 7,Hopsin
